MONTH,WEEK,HOUR,TEMP
9.0,4.0,8.0,30.0
9.0,4.0,9.0,31.3
9.0,4.0,10.0,30.9
9.0,4.0,11.0,32.6
9.0,4.0,12.0,32.6
9.0,4.0,13.0,31.8
9.0,4.0,14.0,33.7
9.0,4.0,15.0,32.6
9.0,4.0,16.0,31.5
9.0,4.0,17.0,30.3
9.0,4.0,18.0,29.1
9.0,4.0,19.0,28.9
9.0,4.0,20.0,28.8
9.0,4.0,21.0,28.8
9.0,4.0,22.0,28.5
9.0,4.0,23.0,28.6
9.0,5.0,0.0,28.3
9.0,5.0,1.0,27.7
9.0,5.0,2.0,27.5
9.0,5.0,3.0,27.1
9.0,5.0,4.0,27.2
9.0,5.0,5.0,26.8
9.0,5.0,6.0,26.5
9.0,5.0,7.0,27.9
9.0,5.0,8.0,29.6
9.0,5.0,9.0,31.4
9.0,5.0,10.0,32.9
9.0,5.0,11.0,33.8
9.0,5.0,12.0,33.0
9.0,5.0,13.0,32.0
9.0,5.0,14.0,32.1
9.0,5.0,15.0,32.1
9.0,5.0,16.0,30.9
9.0,5.0,17.0,30.0
9.0,5.0,18.0,29.1
9.0,5.0,19.0,28.9
9.0,5.0,20.0,28.8
9.0,5.0,21.0,28.4
9.0,5.0,22.0,28.0
9.0,5.0,23.0,28.2
9.0,6.0,0.0,28.4
9.0,6.0,1.0,28.1
9.0,6.0,2.0,28.1
9.0,6.0,3.0,28.1
9.0,6.0,4.0,28.3
9.0,6.0,5.0,28.1
9.0,6.0,6.0,28.3
9.0,6.0,7.0,28.5
9.0,6.0,8.0,30.4
9.0,6.0,9.0,31.5
9.0,6.0,10.0,32.9
9.0,6.0,11.0,32.7
9.0,6.0,12.0,33.9
9.0,6.0,13.0,33.8
9.0,6.0,14.0,33.6
9.0,6.0,15.0,31.8
9.0,6.0,16.0,31.4
9.0,6.0,17.0,30.4
9.0,6.0,18.0,29.7
9.0,6.0,19.0,29.3
9.0,6.0,20.0,29.5
9.0,6.0,21.0,29.1
9.0,6.0,22.0,27.5
9.0,6.0,23.0,26.0
9.0,0.0,0.0,25.8
9.0,0.0,1.0,25.9
9.0,0.0,2.0,25.4
9.0,0.0,3.0,25.0
9.0,0.0,4.0,24.9
9.0,0.0,5.0,25.1
9.0,0.0,6.0,25.2
9.0,0.0,7.0,25.4
9.0,0.0,8.0,25.8
9.0,0.0,9.0,26.1
9.0,0.0,10.0,25.8
9.0,0.0,11.0,26.4
9.0,0.0,12.0,26.9
9.0,0.0,13.0,27.3
9.0,0.0,14.0,27.1
9.0,0.0,15.0,27.7
9.0,0.0,16.0,27.2
9.0,0.0,17.0,26.4
9.0,0.0,18.0,25.9
9.0,0.0,19.0,25.2
9.0,0.0,20.0,24.8
9.0,0.0,21.0,24.3
9.0,0.0,22.0,24.2
9.0,0.0,23.0,24.2
9.0,1.0,0.0,23.9
9.0,1.0,1.0,23.8
9.0,1.0,2.0,23.5
9.0,1.0,3.0,23.9
9.0,1.0,4.0,23.9
9.0,1.0,5.0,23.4
9.0,1.0,6.0,24.1
9.0,1.0,7.0,24.8
9.0,1.0,8.0,25.8
9.0,1.0,9.0,27.2
9.0,1.0,10.0,29.4
9.0,1.0,11.0,30.3
9.0,1.0,12.0,30.6
9.0,1.0,13.0,31.9
9.0,1.0,14.0,32.9
9.0,1.0,15.0,32.1
9.0,1.0,16.0,30.8
9.0,1.0,17.0,29.8
9.0,1.0,18.0,28.8
9.0,1.0,19.0,28.4
9.0,1.0,20.0,28.2
9.0,1.0,21.0,28.3
9.0,1.0,22.0,27.8
9.0,1.0,23.0,27.6
9.0,2.0,0.0,28.2
9.0,2.0,1.0,27.9
9.0,2.0,2.0,27.3
9.0,2.0,3.0,27.2
9.0,2.0,4.0,27.3
9.0,2.0,5.0,26.9
9.0,2.0,6.0,26.8
9.0,2.0,7.0,28.5
9.0,2.0,8.0,30.6
9.0,2.0,9.0,31.5
9.0,2.0,10.0,33.1
9.0,2.0,11.0,33.5
9.0,2.0,12.0,34.8
9.0,2.0,13.0,34.3
9.0,2.0,14.0,31.4
9.0,2.0,15.0,30.2
9.0,2.0,16.0,28.9
9.0,2.0,17.0,29.4
9.0,2.0,18.0,28.2
9.0,2.0,19.0,28.7
9.0,2.0,20.0,25.5
9.0,2.0,21.0,25.1
9.0,2.0,22.0,24.9
9.0,2.0,23.0,24.9
9.0,3.0,0.0,24.9
9.0,3.0,1.0,24.9
9.0,3.0,2.0,24.8
9.0,3.0,3.0,25.2
9.0,3.0,4.0,25.0
9.0,3.0,5.0,25.2
9.0,3.0,6.0,25.3
9.0,3.0,7.0,26.5
9.0,3.0,8.0,26.9
9.0,3.0,9.0,27.8
9.0,3.0,10.0,28.9
9.0,3.0,11.0,32.1
9.0,3.0,12.0,32.3
9.0,3.0,13.0,33.4
9.0,3.0,14.0,31.7
9.0,3.0,15.0,30.9
9.0,3.0,16.0,28.2
9.0,3.0,17.0,29.1
9.0,3.0,18.0,27.8
9.0,3.0,19.0,26.9
9.0,3.0,20.0,27.0
9.0,3.0,21.0,26.3
9.0,3.0,22.0,26.5
9.0,3.0,23.0,26.6
9.0,4.0,0.0,26.1
9.0,4.0,1.0,26.1
9.0,4.0,2.0,26.4
9.0,4.0,3.0,26.7
9.0,4.0,4.0,26.8
9.0,4.0,5.0,26.7
9.0,4.0,6.0,25.6
9.0,4.0,7.0,27.2
9.0,4.0,8.0,28.6
9.0,4.0,9.0,29.1
9.0,4.0,10.0,28.7
9.0,4.0,11.0,29.3
9.0,4.0,12.0,30.7
9.0,4.0,13.0,33.2
9.0,4.0,14.0,33.2
9.0,4.0,15.0,33.5
9.0,4.0,16.0,32.4
9.0,4.0,17.0,31.4
9.0,4.0,18.0,31.4
9.0,4.0,19.0,31.3
9.0,4.0,20.0,30.3
9.0,4.0,21.0,29.7
9.0,4.0,22.0,29.9
9.0,4.0,23.0,28.8
9.0,5.0,0.0,29.2
9.0,5.0,1.0,28.6
9.0,5.0,2.0,28.6
9.0,5.0,3.0,28.5
9.0,5.0,4.0,28.4
9.0,5.0,5.0,28.7
9.0,5.0,6.0,28.5
9.0,5.0,7.0,29.0
9.0,5.0,8.0,29.7
9.0,5.0,9.0,30.7
9.0,5.0,10.0,31.7
9.0,5.0,11.0,31.3
9.0,5.0,12.0,32.3
9.0,5.0,13.0,31.7
9.0,5.0,14.0,31.6
9.0,5.0,15.0,30.6
9.0,5.0,16.0,29.2
9.0,5.0,17.0,28.8
9.0,5.0,18.0,28.0
9.0,5.0,19.0,25.8
9.0,5.0,20.0,25.5
9.0,5.0,21.0,24.7
9.0,5.0,22.0,24.9
9.0,5.0,23.0,24.2
9.0,6.0,0.0,24.0
9.0,6.0,1.0,23.9
9.0,6.0,2.0,23.7
9.0,6.0,3.0,23.8
9.0,6.0,4.0,23.9
9.0,6.0,5.0,23.7
9.0,6.0,6.0,22.7
9.0,6.0,7.0,23.3
9.0,6.0,8.0,23.5
9.0,6.0,9.0,23.7
9.0,6.0,10.0,26.8
9.0,6.0,11.0,27.8
9.0,6.0,12.0,28.2
9.0,6.0,13.0,24.6
9.0,6.0,14.0,24.7
9.0,6.0,15.0,24.4
9.0,6.0,16.0,25.2
9.0,6.0,17.0,24.6
9.0,6.0,18.0,25.0
9.0,6.0,19.0,24.5
9.0,6.0,20.0,24.6
9.0,6.0,21.0,24.8
9.0,6.0,22.0,24.4
9.0,6.0,23.0,24.1
9.0,0.0,0.0,23.7
9.0,0.0,1.0,23.4
9.0,0.0,2.0,22.7
9.0,0.0,3.0,21.9
9.0,0.0,4.0,21.4
9.0,0.0,5.0,20.9
9.0,0.0,6.0,20.7
9.0,0.0,7.0,20.9
9.0,0.0,8.0,21.1
9.0,0.0,9.0,22.7
9.0,0.0,10.0,23.0
9.0,0.0,11.0,24.0
9.0,0.0,12.0,25.5
9.0,0.0,13.0,26.4
9.0,0.0,14.0,26.9
9.0,0.0,15.0,25.9
9.0,0.0,16.0,24.2
9.0,0.0,17.0,23.5
9.0,0.0,18.0,22.4
9.0,0.0,19.0,21.7
9.0,0.0,20.0,21.2
9.0,0.0,21.0,20.8
9.0,0.0,22.0,20.4
9.0,0.0,23.0,20.1
9.0,1.0,0.0,19.8
9.0,1.0,1.0,19.1
9.0,1.0,2.0,18.7
9.0,1.0,3.0,18.7
9.0,1.0,4.0,18.0
9.0,1.0,5.0,18.6
9.0,1.0,6.0,18.4
9.0,1.0,7.0,19.3
9.0,1.0,8.0,20.5
9.0,1.0,9.0,22.4
9.0,1.0,10.0,22.6
9.0,1.0,11.0,22.8
9.0,1.0,12.0,23.8
9.0,1.0,13.0,23.3
9.0,1.0,14.0,24.5
9.0,1.0,15.0,23.4
9.0,1.0,16.0,23.0
9.0,1.0,17.0,22.4
9.0,1.0,18.0,21.4
9.0,1.0,19.0,20.9
9.0,1.0,20.0,20.5
9.0,1.0,21.0,20.4
9.0,1.0,22.0,19.8
9.0,1.0,23.0,19.3
9.0,2.0,0.0,19.3
9.0,2.0,1.0,18.7
9.0,2.0,2.0,18.5
9.0,2.0,3.0,18.5
9.0,2.0,4.0,18.2
9.0,2.0,5.0,18.3
9.0,2.0,6.0,18.7
9.0,2.0,7.0,19.5
9.0,2.0,8.0,20.1
9.0,2.0,9.0,21.3
9.0,2.0,10.0,22.2
9.0,2.0,11.0,22.7
9.0,2.0,12.0,23.3
9.0,2.0,13.0,22.8
9.0,2.0,14.0,21.2
9.0,2.0,15.0,20.9
9.0,2.0,16.0,21.4
9.0,2.0,17.0,21.0
9.0,2.0,18.0,20.7
9.0,2.0,19.0,20.6
9.0,2.0,20.0,20.4
9.0,2.0,21.0,20.3
9.0,2.0,22.0,20.3
9.0,2.0,23.0,20.2
9.0,3.0,0.0,20.1
9.0,3.0,1.0,19.9
9.0,3.0,2.0,20.0
9.0,3.0,3.0,20.2
9.0,3.0,4.0,20.1
9.0,3.0,5.0,19.5
9.0,3.0,6.0,20.1
9.0,3.0,7.0,21.1
9.0,3.0,8.0,22.8
9.0,3.0,9.0,24.1
9.0,3.0,10.0,26.0
9.0,3.0,11.0,26.8
9.0,3.0,12.0,27.7
9.0,3.0,13.0,28.0
9.0,3.0,14.0,27.0
9.0,3.0,15.0,28.5
9.0,3.0,16.0,27.8
9.0,3.0,17.0,26.5
9.0,3.0,18.0,25.7
9.0,3.0,19.0,25.5
9.0,3.0,20.0,25.4
9.0,3.0,21.0,25.0
9.0,3.0,22.0,24.6
9.0,3.0,23.0,23.8
9.0,4.0,0.0,22.8
9.0,4.0,1.0,23.4
9.0,4.0,2.0,23.2
9.0,4.0,3.0,22.9
9.0,4.0,4.0,22.9
9.0,4.0,5.0,22.6
9.0,4.0,6.0,22.6
9.0,4.0,7.0,22.8
9.0,4.0,8.0,23.3
9.0,4.0,9.0,23.8
9.0,4.0,10.0,24.4
9.0,4.0,11.0,24.3
9.0,4.0,12.0,24.0
9.0,4.0,13.0,23.7
9.0,4.0,14.0,23.7
9.0,4.0,15.0,23.7
9.0,4.0,16.0,23.6
9.0,4.0,17.0,23.9
9.0,4.0,18.0,23.2
9.0,4.0,19.0,23.1
9.0,4.0,20.0,23.0
9.0,4.0,21.0,23.1
9.0,4.0,22.0,23.0
9.0,4.0,23.0,22.9
9.0,5.0,0.0,22.6
9.0,5.0,1.0,22.6
9.0,5.0,2.0,22.2
9.0,5.0,3.0,22.0
9.0,5.0,4.0,21.9
9.0,5.0,5.0,22.0
9.0,5.0,6.0,22.1
9.0,5.0,7.0,22.7
9.0,5.0,8.0,23.8
9.0,5.0,9.0,25.7
9.0,5.0,10.0,26.9
9.0,5.0,11.0,26.8
9.0,5.0,12.0,26.6
9.0,5.0,13.0,26.8
9.0,5.0,14.0,26.2
9.0,5.0,15.0,25.5
9.0,5.0,16.0,25.2
9.0,5.0,17.0,24.4
9.0,5.0,18.0,23.7
9.0,5.0,19.0,23.7
9.0,5.0,20.0,23.4
9.0,5.0,21.0,22.8
9.0,5.0,22.0,23.0
9.0,5.0,23.0,22.9
9.0,6.0,0.0,22.9
9.0,6.0,1.0,22.8
9.0,6.0,2.0,22.7
9.0,6.0,3.0,22.7
9.0,6.0,4.0,22.2
9.0,6.0,5.0,22.3
9.0,6.0,6.0,22.1
9.0,6.0,7.0,22.6
9.0,6.0,8.0,23.0
9.0,6.0,9.0,23.4
9.0,6.0,10.0,24.0
9.0,6.0,11.0,24.7
9.0,6.0,12.0,24.1
9.0,6.0,13.0,22.8
9.0,6.0,14.0,22.7
9.0,6.0,15.0,22.5
9.0,6.0,16.0,22.9
9.0,6.0,17.0,21.7
9.0,6.0,18.0,22.0
9.0,6.0,19.0,22.0
9.0,6.0,20.0,22.6
9.0,6.0,21.0,22.2
9.0,6.0,22.0,22.0
9.0,6.0,23.0,21.9
9.0,0.0,0.0,21.6
9.0,0.0,1.0,21.7
9.0,0.0,2.0,21.3
9.0,0.0,3.0,21.3
9.0,0.0,4.0,21.1
9.0,0.0,5.0,21.0
9.0,0.0,6.0,21.0
9.0,0.0,7.0,21.2
9.0,0.0,8.0,21.7
9.0,0.0,9.0,22.7
9.0,0.0,10.0,23.4
9.0,0.0,11.0,23.1
9.0,0.0,12.0,24.3
9.0,0.0,13.0,24.5
9.0,0.0,14.0,24.8
9.0,0.0,15.0,24.8
9.0,0.0,16.0,24.3
9.0,0.0,17.0,24.3
9.0,0.0,18.0,23.6
9.0,0.0,19.0,22.9
9.0,0.0,20.0,22.8
9.0,0.0,21.0,22.6
9.0,0.0,22.0,21.6
9.0,0.0,23.0,21.7
10.0,1.0,0.0,21.9
10.0,1.0,1.0,21.3
10.0,1.0,2.0,20.8
10.0,1.0,3.0,21.0
10.0,1.0,4.0,20.5
10.0,1.0,5.0,20.4
10.0,1.0,6.0,20.7
10.0,1.0,7.0,21.2
10.0,1.0,8.0,20.8
10.0,1.0,9.0,22.5
10.0,1.0,10.0,23.8
10.0,1.0,11.0,24.4
10.0,1.0,12.0,22.4
10.0,1.0,13.0,24.1
10.0,1.0,14.0,25.1
10.0,1.0,15.0,26.2
10.0,1.0,16.0,26.1
10.0,1.0,17.0,25.5
10.0,1.0,18.0,24.7
10.0,1.0,19.0,24.5
10.0,1.0,20.0,24.9
10.0,1.0,21.0,25.4
10.0,1.0,22.0,24.0
10.0,1.0,23.0,24.7
10.0,2.0,0.0,24.5
10.0,2.0,1.0,24.2
10.0,2.0,2.0,23.7
10.0,2.0,3.0,23.7
10.0,2.0,4.0,23.2
10.0,2.0,5.0,22.5
10.0,2.0,6.0,22.2
10.0,2.0,7.0,23.1
10.0,2.0,8.0,25.1
10.0,2.0,9.0,27.1
10.0,2.0,10.0,28.9
10.0,2.0,11.0,30.2
10.0,2.0,12.0,31.4
10.0,2.0,13.0,31.6
10.0,2.0,14.0,31.3
10.0,2.0,15.0,29.4
10.0,2.0,16.0,28.5
10.0,2.0,17.0,27.8
10.0,2.0,18.0,26.9
10.0,2.0,19.0,26.4
10.0,2.0,20.0,25.7
10.0,2.0,21.0,25.6
10.0,2.0,22.0,26.2
10.0,2.0,23.0,25.6
10.0,3.0,0.0,25.1
10.0,3.0,1.0,24.5
10.0,3.0,2.0,24.7
10.0,3.0,3.0,24.9
10.0,3.0,4.0,24.1
10.0,3.0,5.0,23.4
10.0,3.0,6.0,22.0
10.0,3.0,7.0,21.9
10.0,3.0,8.0,22.7
10.0,3.0,9.0,22.8
10.0,3.0,10.0,23.6
10.0,3.0,11.0,23.2
10.0,3.0,12.0,24.0
10.0,3.0,13.0,24.3
10.0,3.0,14.0,24.2
10.0,3.0,15.0,23.4
10.0,3.0,16.0,22.2
10.0,3.0,17.0,22.3
10.0,3.0,18.0,22.1
10.0,3.0,19.0,22.3
10.0,3.0,20.0,22.4
10.0,3.0,21.0,22.5
10.0,3.0,22.0,22.6
10.0,3.0,23.0,21.9
10.0,4.0,0.0,22.3
10.0,4.0,1.0,23.5
10.0,4.0,2.0,24.0
10.0,4.0,3.0,24.6
10.0,4.0,4.0,24.1
10.0,4.0,5.0,23.9
10.0,4.0,6.0,23.6
10.0,4.0,7.0,24.4
10.0,4.0,8.0,25.1
10.0,4.0,9.0,25.8
10.0,4.0,10.0,27.6
10.0,4.0,11.0,27.2
10.0,4.0,12.0,29.2
10.0,4.0,13.0,29.6
10.0,4.0,14.0,28.8
10.0,4.0,15.0,27.8
10.0,4.0,16.0,27.9
10.0,4.0,17.0,27.2
10.0,4.0,18.0,26.6
10.0,4.0,19.0,26.3
10.0,4.0,20.0,25.7
10.0,4.0,21.0,25.1
10.0,4.0,22.0,24.4
10.0,4.0,23.0,23.9
10.0,5.0,0.0,24.4
10.0,5.0,1.0,24.0
10.0,5.0,2.0,24.1
10.0,5.0,3.0,23.7
10.0,5.0,4.0,23.5
10.0,5.0,5.0,23.1
10.0,5.0,6.0,22.0
10.0,5.0,7.0,22.6
10.0,5.0,8.0,22.5
10.0,5.0,9.0,22.8
10.0,5.0,10.0,22.4
10.0,5.0,11.0,21.7
10.0,5.0,12.0,21.0
10.0,5.0,13.0,21.0
10.0,5.0,14.0,20.9
10.0,5.0,15.0,20.4
10.0,5.0,16.0,20.5
10.0,5.0,17.0,20.0
10.0,5.0,18.0,19.9
10.0,5.0,19.0,19.8
10.0,5.0,20.0,19.5
10.0,5.0,21.0,19.2
10.0,5.0,22.0,19.2
10.0,5.0,23.0,19.0
10.0,6.0,0.0,19.2
10.0,6.0,1.0,19.2
10.0,6.0,2.0,19.3
10.0,6.0,3.0,19.3
10.0,6.0,4.0,19.3
10.0,6.0,5.0,19.5
10.0,6.0,6.0,19.6
10.0,6.0,7.0,19.7
10.0,6.0,8.0,20.1
10.0,6.0,9.0,20.7
10.0,6.0,10.0,21.9
10.0,6.0,11.0,22.5
10.0,6.0,12.0,22.3
10.0,6.0,13.0,22.6
10.0,6.0,14.0,22.3
10.0,6.0,15.0,22.6
10.0,6.0,16.0,22.6
10.0,6.0,17.0,22.2
10.0,6.0,18.0,21.9
10.0,6.0,19.0,22.1
10.0,6.0,20.0,22.3
10.0,6.0,21.0,22.4
10.0,6.0,22.0,22.0
10.0,6.0,23.0,21.9
10.0,0.0,0.0,21.8
10.0,0.0,1.0,21.6
10.0,0.0,2.0,21.2
10.0,0.0,3.0,21.4
10.0,0.0,4.0,21.1
10.0,0.0,5.0,20.9
10.0,0.0,6.0,20.9
10.0,0.0,7.0,22.1
10.0,0.0,8.0,24.0
10.0,0.0,9.0,25.3
10.0,0.0,10.0,27.6
10.0,0.0,11.0,28.6
10.0,0.0,12.0,28.8
10.0,0.0,13.0,29.6
10.0,0.0,14.0,27.5
10.0,0.0,15.0,28.7
10.0,0.0,16.0,28.0
10.0,0.0,17.0,27.3
10.0,0.0,18.0,26.8
10.0,0.0,19.0,26.4
10.0,0.0,20.0,26.1
10.0,0.0,21.0,25.7
10.0,0.0,22.0,23.6
10.0,0.0,23.0,23.5
10.0,1.0,0.0,24.0
10.0,1.0,1.0,24.7
10.0,1.0,2.0,22.8
10.0,1.0,3.0,22.6
10.0,1.0,4.0,22.0
10.0,1.0,5.0,21.1
10.0,1.0,6.0,20.9
10.0,1.0,7.0,20.9
10.0,1.0,8.0,20.6
10.0,1.0,9.0,20.1
10.0,1.0,10.0,19.4
10.0,1.0,11.0,19.3
10.0,1.0,12.0,19.2
10.0,1.0,13.0,19.5
10.0,1.0,14.0,18.4
10.0,1.0,15.0,18.5
10.0,1.0,16.0,16.9
10.0,1.0,17.0,16.5
10.0,1.0,18.0,15.8
10.0,1.0,19.0,15.8
10.0,1.0,20.0,15.4
10.0,1.0,21.0,15.7
10.0,1.0,22.0,15.3
10.0,1.0,23.0,15.2
10.0,2.0,0.0,15.2
10.0,2.0,1.0,15.2
10.0,2.0,2.0,15.3
10.0,2.0,3.0,15.4
10.0,2.0,4.0,15.4
10.0,2.0,5.0,15.4
10.0,2.0,6.0,15.6
10.0,2.0,7.0,15.5
10.0,2.0,8.0,15.4
10.0,2.0,9.0,15.1
10.0,2.0,10.0,15.1
10.0,2.0,11.0,15.6
10.0,2.0,12.0,16.1
10.0,2.0,13.0,16.2
10.0,2.0,14.0,16.7
10.0,2.0,15.0,17.1
10.0,2.0,16.0,16.6
10.0,2.0,17.0,15.8
10.0,2.0,18.0,16.2
10.0,2.0,19.0,16.8
10.0,2.0,20.0,17.1
10.0,2.0,21.0,17.2
10.0,2.0,22.0,16.8
10.0,2.0,23.0,16.2
10.0,3.0,0.0,16.2
10.0,3.0,1.0,16.2
10.0,3.0,2.0,15.8
10.0,3.0,3.0,15.5
10.0,3.0,4.0,15.9
10.0,3.0,5.0,16.1
10.0,3.0,6.0,16.0
10.0,3.0,7.0,16.7
10.0,3.0,8.0,17.5
10.0,3.0,9.0,18.0
10.0,3.0,10.0,18.7
10.0,3.0,11.0,19.4
10.0,3.0,12.0,19.3
10.0,3.0,13.0,20.1
10.0,3.0,14.0,20.7
10.0,3.0,15.0,20.4
10.0,3.0,16.0,20.4
10.0,3.0,17.0,19.7
10.0,3.0,18.0,18.2
10.0,3.0,19.0,18.2
10.0,3.0,20.0,17.9
10.0,3.0,21.0,17.2
10.0,3.0,22.0,17.0
10.0,3.0,23.0,16.6
10.0,4.0,0.0,15.7
10.0,4.0,1.0,15.7
10.0,4.0,2.0,15.3
10.0,4.0,3.0,15.2
10.0,4.0,4.0,15.0
10.0,4.0,5.0,14.9
10.0,4.0,6.0,15.2
10.0,4.0,7.0,15.3
10.0,4.0,8.0,17.7
10.0,4.0,9.0,18.9
10.0,4.0,10.0,20.8
10.0,4.0,11.0,21.4
10.0,4.0,12.0,23.0
10.0,4.0,13.0,23.0
10.0,4.0,14.0,23.9
10.0,4.0,15.0,23.1
10.0,4.0,16.0,21.9
10.0,4.0,17.0,21.1
10.0,4.0,18.0,19.7
10.0,4.0,19.0,20.4
10.0,4.0,20.0,20.5
10.0,4.0,21.0,20.2
10.0,4.0,22.0,18.3
10.0,4.0,23.0,17.9
10.0,5.0,0.0,18.4
10.0,5.0,1.0,18.1
10.0,5.0,2.0,17.5
10.0,5.0,3.0,17.9
10.0,5.0,4.0,17.3
10.0,5.0,5.0,16.5
10.0,5.0,6.0,16.6
10.0,5.0,7.0,17.6
10.0,5.0,8.0,19.7
10.0,5.0,9.0,21.5
10.0,5.0,10.0,22.5
10.0,5.0,11.0,24.4
10.0,5.0,12.0,24.3
10.0,5.0,13.0,24.8
10.0,5.0,14.0,23.7
10.0,5.0,15.0,24.8
10.0,5.0,16.0,23.5
10.0,5.0,17.0,22.4
10.0,5.0,18.0,22.6
10.0,5.0,19.0,21.2
10.0,5.0,20.0,20.9
10.0,5.0,21.0,19.8
10.0,5.0,22.0,19.2
10.0,5.0,23.0,19.4
10.0,6.0,0.0,19.1
10.0,6.0,1.0,18.8
10.0,6.0,2.0,18.3
10.0,6.0,3.0,18.3
10.0,6.0,4.0,18.1
10.0,6.0,5.0,17.6
10.0,6.0,6.0,17.0
10.0,6.0,7.0,18.2
10.0,6.0,8.0,20.1
10.0,6.0,9.0,22.1
10.0,6.0,10.0,22.8
10.0,6.0,11.0,24.1
10.0,6.0,12.0,24.8
10.0,6.0,13.0,25.2
10.0,6.0,14.0,25.0
10.0,6.0,15.0,24.7
10.0,6.0,16.0,24.2
10.0,6.0,17.0,22.7
10.0,6.0,18.0,21.5
10.0,6.0,19.0,20.4
10.0,6.0,20.0,20.5
10.0,6.0,21.0,19.8
10.0,6.0,22.0,19.5
10.0,6.0,23.0,18.5
10.0,0.0,0.0,18.7
10.0,0.0,1.0,18.8
10.0,0.0,2.0,18.5
10.0,0.0,3.0,18.0
10.0,0.0,4.0,17.6
10.0,0.0,5.0,17.0
10.0,0.0,6.0,17.4
10.0,0.0,7.0,17.8
10.0,0.0,8.0,19.7
10.0,0.0,9.0,21.5
10.0,0.0,10.0,22.8
10.0,0.0,11.0,24.7
10.0,0.0,12.0,24.7
10.0,0.0,13.0,24.6
10.0,0.0,14.0,25.4
10.0,0.0,15.0,25.4
10.0,0.0,16.0,23.4
10.0,0.0,17.0,21.9
10.0,0.0,18.0,21.5
10.0,0.0,19.0,20.8
10.0,0.0,20.0,20.2
10.0,0.0,21.0,20.0
10.0,0.0,22.0,19.5
10.0,0.0,23.0,19.6
10.0,1.0,0.0,19.3
10.0,1.0,1.0,18.5
10.0,1.0,2.0,18.7
10.0,1.0,3.0,18.0
10.0,1.0,4.0,18.8
10.0,1.0,5.0,18.9
10.0,1.0,6.0,19.1
10.0,1.0,7.0,19.0
10.0,1.0,8.0,21.0
10.0,1.0,9.0,22.9
10.0,1.0,10.0,25.3
10.0,1.0,11.0,25.3
10.0,1.0,12.0,26.0
10.0,1.0,13.0,26.0
10.0,1.0,14.0,26.0
10.0,1.0,15.0,25.5
10.0,1.0,16.0,24.8
10.0,1.0,17.0,23.1
10.0,1.0,18.0,22.6
10.0,1.0,19.0,22.5
10.0,1.0,20.0,21.9
10.0,1.0,21.0,21.9
10.0,1.0,22.0,21.8
10.0,1.0,23.0,21.1
10.0,2.0,0.0,20.9
10.0,2.0,1.0,20.5
10.0,2.0,2.0,20.9
10.0,2.0,3.0,20.8
10.0,2.0,4.0,19.8
10.0,2.0,5.0,19.2
10.0,2.0,6.0,19.6
10.0,2.0,7.0,20.1
10.0,2.0,8.0,22.8
10.0,2.0,9.0,23.2
10.0,2.0,10.0,24.2
10.0,2.0,11.0,25.3
10.0,2.0,12.0,24.7
10.0,2.0,13.0,25.9
10.0,2.0,14.0,25.6
10.0,2.0,15.0,24.4
10.0,2.0,16.0,23.7
10.0,2.0,17.0,23.2
10.0,2.0,18.0,23.0
10.0,2.0,19.0,23.5
10.0,2.0,20.0,23.1
10.0,2.0,21.0,23.0
10.0,2.0,22.0,22.7
10.0,2.0,23.0,21.4
10.0,3.0,0.0,22.3
10.0,3.0,1.0,21.9
10.0,3.0,2.0,21.4
10.0,3.0,3.0,21.6
10.0,3.0,4.0,21.1
10.0,3.0,5.0,21.7
10.0,3.0,6.0,21.7
10.0,3.0,7.0,21.8
10.0,3.0,8.0,22.2
10.0,3.0,9.0,23.8
10.0,3.0,10.0,23.6
10.0,3.0,11.0,22.9
10.0,3.0,12.0,24.4
10.0,3.0,13.0,25.1
10.0,3.0,14.0,24.7
10.0,3.0,15.0,25.1
10.0,3.0,16.0,24.7
10.0,3.0,17.0,23.7
10.0,3.0,18.0,23.3
10.0,3.0,19.0,22.8
10.0,3.0,20.0,22.4
10.0,3.0,21.0,21.9
10.0,3.0,22.0,21.8
10.0,3.0,23.0,21.7
10.0,4.0,0.0,21.6
10.0,4.0,1.0,21.0
10.0,4.0,2.0,21.5
10.0,4.0,3.0,21.5
10.0,4.0,4.0,21.3
10.0,4.0,5.0,21.3
10.0,4.0,6.0,21.3
10.0,4.0,7.0,21.2
10.0,4.0,8.0,20.9
10.0,4.0,9.0,20.8
10.0,4.0,10.0,20.7
10.0,4.0,11.0,21.7
10.0,4.0,12.0,21.9
10.0,4.0,13.0,22.5
10.0,4.0,14.0,22.5
10.0,4.0,15.0,22.6
10.0,4.0,16.0,22.6
10.0,4.0,17.0,22.5
10.0,4.0,18.0,22.6
10.0,4.0,19.0,21.6
10.0,4.0,20.0,21.5
10.0,4.0,21.0,21.3
10.0,4.0,22.0,21.2
10.0,4.0,23.0,21.2
10.0,5.0,0.0,21.4
10.0,5.0,1.0,21.4
10.0,5.0,2.0,21.5
10.0,5.0,3.0,21.7
10.0,5.0,4.0,21.7
10.0,5.0,5.0,21.7
10.0,5.0,6.0,21.5
10.0,5.0,7.0,21.8
10.0,5.0,8.0,21.8
10.0,5.0,9.0,23.0
10.0,5.0,10.0,24.8
10.0,5.0,11.0,26.5
10.0,5.0,12.0,27.5
10.0,5.0,13.0,29.2
10.0,5.0,14.0,29.0
10.0,5.0,15.0,27.6
10.0,5.0,16.0,26.1
10.0,5.0,17.0,26.1
10.0,5.0,18.0,26.3
10.0,5.0,19.0,26.3
10.0,5.0,20.0,24.2
10.0,5.0,21.0,23.0
10.0,5.0,22.0,23.0
10.0,5.0,23.0,23.4
10.0,6.0,0.0,22.4
10.0,6.0,1.0,21.9
10.0,6.0,2.0,21.3
10.0,6.0,3.0,19.7
10.0,6.0,4.0,19.3
10.0,6.0,5.0,18.9
10.0,6.0,6.0,18.4
10.0,6.0,7.0,17.4
10.0,6.0,8.0,16.9
10.0,6.0,9.0,16.3
10.0,6.0,10.0,17.3
10.0,6.0,11.0,17.9
10.0,6.0,12.0,19.0
10.0,6.0,13.0,19.1
10.0,6.0,14.0,19.4
10.0,6.0,15.0,18.2
10.0,6.0,16.0,17.3
10.0,6.0,17.0,16.3
10.0,6.0,18.0,16.0
10.0,6.0,19.0,15.1
10.0,6.0,20.0,15.1
10.0,6.0,21.0,15.0
10.0,6.0,22.0,14.4
10.0,6.0,23.0,14.3
10.0,0.0,0.0,13.6
10.0,0.0,1.0,12.8
10.0,0.0,2.0,12.5
10.0,0.0,3.0,12.1
10.0,0.0,4.0,11.6
10.0,0.0,5.0,12.0
10.0,0.0,6.0,11.6
10.0,0.0,7.0,12.2
10.0,0.0,8.0,13.3
10.0,0.0,9.0,14.7
10.0,0.0,10.0,16.6
10.0,0.0,11.0,18.6
10.0,0.0,12.0,19.0
10.0,0.0,13.0,19.3
10.0,0.0,14.0,19.8
10.0,0.0,15.0,19.4
10.0,0.0,16.0,19.1
10.0,0.0,17.0,18.8
10.0,0.0,18.0,18.6
10.0,0.0,19.0,18.6
10.0,0.0,20.0,17.8
10.0,0.0,21.0,18.2
10.0,0.0,22.0,17.4
10.0,0.0,23.0,17.4
10.0,1.0,0.0,17.0
10.0,1.0,1.0,16.9
10.0,1.0,2.0,16.8
10.0,1.0,3.0,16.1
10.0,1.0,4.0,15.5
10.0,1.0,5.0,15.4
10.0,1.0,6.0,15.0
10.0,1.0,7.0,16.2
10.0,1.0,8.0,17.7
10.0,1.0,9.0,19.1
10.0,1.0,10.0,19.8
10.0,1.0,11.0,20.8
10.0,1.0,12.0,22.8
10.0,1.0,13.0,22.5
10.0,1.0,14.0,23.9
10.0,1.0,15.0,23.2
10.0,1.0,16.0,23.1
10.0,1.0,17.0,23.0
10.0,1.0,18.0,21.9
10.0,1.0,19.0,19.9
10.0,1.0,20.0,21.3
10.0,1.0,21.0,20.6
10.0,1.0,22.0,20.5
10.0,1.0,23.0,20.3
10.0,2.0,0.0,20.6
10.0,2.0,1.0,20.0
10.0,2.0,2.0,19.3
10.0,2.0,3.0,19.3
10.0,2.0,4.0,19.7
10.0,2.0,5.0,18.9
10.0,2.0,6.0,19.2
10.0,2.0,7.0,19.3
10.0,2.0,8.0,20.8
10.0,2.0,9.0,22.2
10.0,2.0,10.0,22.0
10.0,2.0,11.0,22.9
10.0,2.0,12.0,23.0
10.0,2.0,13.0,20.6
10.0,2.0,14.0,22.0
10.0,2.0,15.0,23.7
10.0,2.0,16.0,23.8
10.0,2.0,17.0,23.9
10.0,2.0,18.0,24.2
10.0,2.0,19.0,24.2
10.0,2.0,20.0,24.2
10.0,2.0,21.0,24.7
10.0,2.0,22.0,24.4
10.0,2.0,23.0,21.6
10.0,3.0,0.0,21.4
10.0,3.0,1.0,21.2
10.0,3.0,2.0,21.0
10.0,3.0,3.0,20.9
10.0,3.0,4.0,20.3
10.0,3.0,5.0,20.4
10.0,3.0,6.0,21.0
10.0,3.0,7.0,20.6
10.0,3.0,8.0,22.2
10.0,3.0,9.0,23.4
10.0,3.0,10.0,24.6
10.0,3.0,11.0,25.2
10.0,3.0,12.0,25.2
10.0,3.0,13.0,24.4
10.0,3.0,14.0,24.4
10.0,3.0,15.0,24.2
10.0,3.0,16.0,23.9
10.0,3.0,17.0,23.5
10.0,3.0,18.0,23.1
10.0,3.0,19.0,22.7
10.0,3.0,20.0,22.4
10.0,3.0,21.0,21.9
10.0,3.0,22.0,22.3
10.0,3.0,23.0,22.1
10.0,4.0,0.0,21.7
10.0,4.0,1.0,21.7
10.0,4.0,2.0,21.4
10.0,4.0,3.0,20.9
10.0,4.0,4.0,20.8
10.0,4.0,5.0,20.2
10.0,4.0,6.0,19.3
10.0,4.0,7.0,19.3
10.0,4.0,8.0,18.9
10.0,4.0,9.0,19.3
10.0,4.0,10.0,20.4
10.0,4.0,11.0,20.5
10.0,4.0,12.0,20.6
10.0,4.0,13.0,20.9
10.0,4.0,14.0,21.3
10.0,4.0,15.0,21.0
10.0,4.0,16.0,20.6
10.0,4.0,17.0,20.7
10.0,4.0,18.0,20.3
10.0,4.0,19.0,20.3
10.0,4.0,20.0,20.2
10.0,4.0,21.0,19.7
10.0,4.0,22.0,19.6
10.0,4.0,23.0,19.3
10.0,5.0,0.0,18.5
10.0,5.0,1.0,18.3
10.0,5.0,2.0,18.4
10.0,5.0,3.0,18.5
10.0,5.0,4.0,18.2
10.0,5.0,5.0,17.7
10.0,5.0,6.0,17.5
10.0,5.0,7.0,17.8
10.0,5.0,8.0,18.7
10.0,5.0,9.0,19.2
10.0,5.0,10.0,19.2
10.0,5.0,11.0,19.6
10.0,5.0,12.0,19.6
10.0,5.0,13.0,20.4
10.0,5.0,14.0,20.4
10.0,5.0,15.0,20.0
10.0,5.0,16.0,20.0
10.0,5.0,17.0,19.5
10.0,5.0,18.0,19.6
10.0,5.0,19.0,19.1
10.0,5.0,20.0,19.0
10.0,5.0,21.0,19.1
10.0,5.0,22.0,19.0
10.0,5.0,23.0,19.0
10.0,6.0,0.0,19.2
10.0,6.0,1.0,18.7
10.0,6.0,2.0,18.4
10.0,6.0,3.0,17.4
10.0,6.0,4.0,17.5
10.0,6.0,5.0,17.0
10.0,6.0,6.0,16.9
10.0,6.0,7.0,17.5
10.0,6.0,8.0,18.6
10.0,6.0,9.0,20.6
10.0,6.0,10.0,21.6
10.0,6.0,11.0,22.5
10.0,6.0,12.0,22.7
10.0,6.0,13.0,22.6
10.0,6.0,14.0,22.8
10.0,6.0,15.0,22.1
10.0,6.0,16.0,21.8
10.0,6.0,17.0,20.7
10.0,6.0,18.0,19.8
10.0,6.0,19.0,20.3
10.0,6.0,20.0,19.0
10.0,6.0,21.0,18.6
10.0,6.0,22.0,18.8
10.0,6.0,23.0,18.6
10.0,0.0,0.0,18.4
10.0,0.0,1.0,18.8
10.0,0.0,2.0,18.6
10.0,0.0,3.0,18.2
10.0,0.0,4.0,17.6
10.0,0.0,5.0,17.4
10.0,0.0,6.0,17.3
10.0,0.0,7.0,17.4
10.0,0.0,8.0,17.8
10.0,0.0,9.0,18.0
10.0,0.0,10.0,18.7
10.0,0.0,11.0,19.1
10.0,0.0,12.0,19.4
10.0,0.0,13.0,20.2
10.0,0.0,14.0,19.8
10.0,0.0,15.0,19.9
10.0,0.0,16.0,20.0
10.0,0.0,17.0,20.0
10.0,0.0,18.0,19.6
10.0,0.0,19.0,19.4
10.0,0.0,20.0,19.1
10.0,0.0,21.0,18.9
10.0,0.0,22.0,19.0
10.0,0.0,23.0,18.7
10.0,1.0,0.0,18.8
10.0,1.0,1.0,18.2
10.0,1.0,2.0,17.4
10.0,1.0,3.0,17.6
10.0,1.0,4.0,17.5
10.0,1.0,5.0,17.0
10.0,1.0,6.0,16.8
10.0,1.0,7.0,16.3
10.0,1.0,8.0,16.4
10.0,1.0,9.0,16.7
10.0,1.0,10.0,16.8
10.0,1.0,11.0,17.0
10.0,1.0,12.0,17.2
10.0,1.0,13.0,17.0
10.0,1.0,14.0,15.5
10.0,1.0,15.0,15.6
10.0,1.0,16.0,14.5
10.0,1.0,17.0,13.6
10.0,1.0,18.0,12.8
10.0,1.0,19.0,12.9
10.0,1.0,20.0,12.6
10.0,1.0,21.0,12.4
10.0,1.0,22.0,12.7
10.0,1.0,23.0,12.7
10.0,2.0,0.0,12.9
10.0,2.0,1.0,12.6
10.0,2.0,2.0,12.9
10.0,2.0,3.0,13.0
10.0,2.0,4.0,13.3
10.0,2.0,5.0,13.5
10.0,2.0,6.0,13.5
10.0,2.0,7.0,13.8
10.0,2.0,8.0,14.4
10.0,2.0,9.0,15.8
10.0,2.0,10.0,15.4
10.0,2.0,11.0,17.6
10.0,2.0,12.0,19.0
10.0,2.0,13.0,21.2
10.0,2.0,14.0,21.6
10.0,2.0,15.0,21.8
10.0,2.0,16.0,21.5
10.0,2.0,17.0,20.0
10.0,2.0,18.0,18.9
10.0,2.0,19.0,18.7
10.0,2.0,20.0,17.3
10.0,2.0,21.0,17.3
10.0,2.0,22.0,16.9
10.0,2.0,23.0,16.5
10.0,3.0,0.0,15.9
10.0,3.0,1.0,14.8
10.0,3.0,2.0,14.4
10.0,3.0,3.0,14.1
10.0,3.0,4.0,13.5
10.0,3.0,5.0,13.6
10.0,3.0,6.0,14.1
10.0,3.0,7.0,13.3
10.0,3.0,8.0,15.8
10.0,3.0,9.0,17.1
10.0,3.0,10.0,18.6
10.0,3.0,11.0,19.1
10.0,3.0,12.0,19.6
10.0,3.0,13.0,19.6
10.0,3.0,14.0,19.8
10.0,3.0,15.0,19.0
10.0,3.0,16.0,18.4
10.0,3.0,17.0,16.4
10.0,3.0,18.0,16.8
10.0,3.0,19.0,15.7
10.0,3.0,20.0,15.7
10.0,3.0,21.0,15.3
10.0,3.0,22.0,15.1
10.0,3.0,23.0,14.9
11.0,4.0,0.0,15.0
11.0,4.0,1.0,14.4
11.0,4.0,2.0,14.0
11.0,4.0,3.0,13.4
11.0,4.0,4.0,13.2
11.0,4.0,5.0,13.3
11.0,4.0,6.0,12.4
11.0,4.0,7.0,13.1
11.0,4.0,8.0,15.7
11.0,4.0,9.0,16.5
11.0,4.0,10.0,17.9
11.0,4.0,11.0,20.2
11.0,4.0,12.0,20.8
11.0,4.0,13.0,21.5
11.0,4.0,14.0,21.0
11.0,4.0,15.0,20.1
11.0,4.0,16.0,19.6
11.0,4.0,17.0,19.6
11.0,4.0,18.0,19.3
11.0,4.0,19.0,18.5
11.0,4.0,20.0,17.9
11.0,4.0,21.0,16.5
11.0,4.0,22.0,16.4
11.0,4.0,23.0,16.5
11.0,5.0,0.0,16.0
11.0,5.0,1.0,15.7
11.0,5.0,2.0,15.5
11.0,5.0,3.0,15.4
11.0,5.0,4.0,15.0
11.0,5.0,5.0,15.2
11.0,5.0,6.0,15.2
11.0,5.0,7.0,15.2
11.0,5.0,8.0,15.4
11.0,5.0,9.0,15.6
11.0,5.0,10.0,15.8
11.0,5.0,11.0,16.1
11.0,5.0,12.0,16.3
11.0,5.0,13.0,16.3
11.0,5.0,14.0,16.6
11.0,5.0,15.0,16.8
11.0,5.0,16.0,16.8
11.0,5.0,17.0,16.7
11.0,5.0,18.0,16.7
11.0,5.0,19.0,16.6
11.0,5.0,20.0,16.6
11.0,5.0,21.0,16.2
11.0,5.0,22.0,16.0
11.0,5.0,23.0,15.8
11.0,6.0,0.0,15.7
11.0,6.0,1.0,15.5
11.0,6.0,2.0,15.7
11.0,6.0,3.0,16.4
11.0,6.0,4.0,16.5
11.0,6.0,5.0,16.6
11.0,6.0,6.0,15.4
11.0,6.0,7.0,14.9
11.0,6.0,8.0,17.0
11.0,6.0,9.0,18.8
11.0,6.0,10.0,20.1
11.0,6.0,11.0,20.9
11.0,6.0,12.0,22.0
11.0,6.0,13.0,21.8
11.0,6.0,14.0,21.4
11.0,6.0,15.0,20.1
11.0,6.0,16.0,20.1
11.0,6.0,17.0,17.7
11.0,6.0,18.0,17.9
11.0,6.0,19.0,16.4
11.0,6.0,20.0,15.5
11.0,6.0,21.0,14.8
11.0,6.0,22.0,14.5
11.0,6.0,23.0,14.6
11.0,0.0,0.0,14.8
11.0,0.0,1.0,13.7
11.0,0.0,2.0,13.1
11.0,0.0,3.0,12.7
11.0,0.0,4.0,12.3
11.0,0.0,5.0,12.6
11.0,0.0,6.0,11.6
11.0,0.0,7.0,11.9
11.0,0.0,8.0,14.5
11.0,0.0,9.0,15.8
11.0,0.0,10.0,18.6
11.0,0.0,11.0,20.0
11.0,0.0,12.0,21.2
11.0,0.0,13.0,21.6
11.0,0.0,14.0,22.4
11.0,0.0,15.0,22.0
11.0,0.0,16.0,21.1
11.0,0.0,17.0,21.1
11.0,0.0,18.0,20.5
11.0,0.0,19.0,20.1
11.0,0.0,20.0,19.7
11.0,0.0,21.0,17.6
11.0,0.0,22.0,15.9
11.0,0.0,23.0,15.9
11.0,1.0,0.0,16.0
11.0,1.0,1.0,15.5
11.0,1.0,2.0,15.3
11.0,1.0,3.0,13.9
11.0,1.0,4.0,14.1
11.0,1.0,5.0,14.8
11.0,1.0,6.0,13.9
11.0,1.0,7.0,15.1
11.0,1.0,8.0,14.9
11.0,1.0,9.0,16.5
11.0,1.0,10.0,18.2
11.0,1.0,11.0,18.7
11.0,1.0,12.0,18.8
11.0,1.0,13.0,19.0
11.0,1.0,14.0,19.3
11.0,1.0,15.0,18.5
11.0,1.0,16.0,18.3
11.0,1.0,17.0,17.8
11.0,1.0,18.0,17.4
11.0,1.0,19.0,17.3
11.0,1.0,20.0,16.7
11.0,1.0,21.0,16.9
11.0,1.0,22.0,16.4
11.0,1.0,23.0,15.9
11.0,2.0,0.0,14.4
11.0,2.0,1.0,14.2
11.0,2.0,2.0,14.0
11.0,2.0,3.0,13.8
11.0,2.0,4.0,13.8
11.0,2.0,5.0,13.6
11.0,2.0,6.0,13.9
11.0,2.0,7.0,14.2
11.0,2.0,8.0,15.0
11.0,2.0,9.0,14.8
11.0,2.0,10.0,14.4
11.0,2.0,11.0,14.5
11.0,2.0,12.0,15.5
11.0,2.0,13.0,15.7
11.0,2.0,14.0,15.5
11.0,2.0,15.0,15.5
11.0,2.0,16.0,15.3
11.0,2.0,17.0,14.1
11.0,2.0,18.0,14.6
11.0,2.0,19.0,14.7
11.0,2.0,20.0,14.2
11.0,2.0,21.0,14.6
11.0,2.0,22.0,14.0
11.0,2.0,23.0,13.3
11.0,3.0,0.0,12.3
11.0,3.0,1.0,12.4
11.0,3.0,2.0,12.1
11.0,3.0,3.0,11.9
11.0,3.0,4.0,12.7
11.0,3.0,5.0,12.4
11.0,3.0,6.0,12.7
11.0,3.0,7.0,12.7
11.0,3.0,8.0,13.5
11.0,3.0,9.0,14.6
11.0,3.0,10.0,15.5
11.0,3.0,11.0,16.3
11.0,3.0,12.0,17.0
11.0,3.0,13.0,17.1
11.0,3.0,14.0,16.7
11.0,3.0,15.0,15.2
11.0,3.0,17.0,13.8
11.0,3.0,18.0,12.8
11.0,3.0,19.0,12.5
11.0,3.0,20.0,12.0
11.0,3.0,21.0,11.4
11.0,3.0,22.0,11.8
11.0,3.0,23.0,11.2
11.0,4.0,0.0,10.9
11.0,4.0,1.0,10.9
11.0,4.0,2.0,10.7
11.0,4.0,3.0,10.5
11.0,4.0,4.0,9.4
11.0,4.0,5.0,9.4
11.0,4.0,6.0,8.6
11.0,4.0,7.0,9.5
11.0,4.0,8.0,10.6
11.0,4.0,9.0,12.0
11.0,4.0,10.0,12.6
11.0,4.0,11.0,13.6
11.0,4.0,12.0,13.5
11.0,4.0,13.0,15.0
11.0,4.0,14.0,15.0
11.0,4.0,15.0,14.2
11.0,4.0,16.0,13.2
11.0,4.0,17.0,13.7
11.0,4.0,18.0,12.8
11.0,4.0,19.0,12.0
11.0,4.0,20.0,12.1
11.0,4.0,21.0,11.2
11.0,4.0,22.0,10.7
11.0,4.0,23.0,10.5
11.0,5.0,0.0,10.7
11.0,5.0,1.0,9.8
11.0,5.0,2.0,9.5
11.0,5.0,3.0,9.0
11.0,5.0,4.0,8.9
11.0,5.0,5.0,8.3
11.0,5.0,6.0,8.2
11.0,5.0,7.0,8.9
11.0,5.0,8.0,9.6
11.0,5.0,9.0,11.4
11.0,5.0,10.0,13.6
11.0,5.0,11.0,14.8
11.0,5.0,12.0,16.2
11.0,5.0,13.0,16.6
11.0,5.0,14.0,16.6
11.0,5.0,15.0,16.2
11.0,5.0,16.0,15.6
11.0,5.0,17.0,14.7
11.0,5.0,18.0,14.7
11.0,5.0,19.0,14.4
11.0,5.0,20.0,13.9
11.0,5.0,21.0,14.0
11.0,5.0,22.0,13.8
11.0,5.0,23.0,13.2
11.0,6.0,0.0,12.9
11.0,6.0,1.0,12.7
11.0,6.0,2.0,12.6
11.0,6.0,3.0,12.2
11.0,6.0,4.0,12.0
11.0,6.0,5.0,11.7
11.0,6.0,6.0,11.8
11.0,6.0,7.0,12.0
11.0,6.0,8.0,12.6
11.0,6.0,9.0,13.0
11.0,6.0,10.0,14.2
11.0,6.0,11.0,14.9
11.0,6.0,12.0,15.1
11.0,6.0,13.0,15.5
11.0,6.0,14.0,15.8
11.0,6.0,15.0,16.2
11.0,6.0,16.0,15.7
11.0,6.0,17.0,14.9
11.0,6.0,18.0,15.4
11.0,6.0,19.0,14.4
11.0,6.0,20.0,14.3
11.0,6.0,21.0,13.6
11.0,6.0,22.0,13.2
11.0,6.0,23.0,13.3
11.0,0.0,0.0,13.8
11.0,0.0,1.0,13.8
11.0,0.0,2.0,13.6
11.0,0.0,3.0,13.6
11.0,0.0,4.0,13.3
11.0,0.0,5.0,13.4
11.0,0.0,6.0,13.8
11.0,0.0,7.0,14.0
11.0,0.0,8.0,14.9
11.0,0.0,9.0,15.8
11.0,0.0,10.0,16.4
11.0,0.0,11.0,17.4
11.0,0.0,12.0,19.2
11.0,0.0,13.0,19.5
11.0,0.0,14.0,20.5
11.0,0.0,15.0,20.0
11.0,0.0,16.0,19.4
11.0,0.0,17.0,17.6
11.0,0.0,18.0,17.2
11.0,0.0,19.0,17.7
11.0,0.0,20.0,18.9
11.0,0.0,21.0,16.9
11.0,0.0,22.0,15.7
11.0,0.0,23.0,15.1
11.0,1.0,0.0,14.1
11.0,1.0,1.0,14.1
11.0,1.0,2.0,13.2
11.0,1.0,3.0,13.1
11.0,1.0,4.0,12.3
11.0,1.0,5.0,12.0
11.0,1.0,6.0,12.0
11.0,1.0,7.0,13.0
11.0,1.0,8.0,14.5
11.0,1.0,9.0,15.8
11.0,1.0,10.0,17.8
11.0,1.0,11.0,18.9
11.0,1.0,12.0,19.1
11.0,1.0,13.0,20.1
11.0,1.0,14.0,19.8
11.0,1.0,15.0,19.4
11.0,1.0,16.0,18.0
11.0,1.0,17.0,16.6
11.0,1.0,18.0,17.5
11.0,1.0,19.0,18.7
11.0,1.0,20.0,17.6
11.0,1.0,21.0,18.2
11.0,1.0,22.0,17.5
11.0,1.0,23.0,15.9
11.0,2.0,0.0,14.9
11.0,2.0,1.0,14.2
11.0,2.0,2.0,13.3
11.0,2.0,3.0,12.9
11.0,2.0,4.0,14.7
11.0,2.0,5.0,13.8
11.0,2.0,6.0,15.4
11.0,2.0,7.0,14.6
11.0,2.0,8.0,17.1
11.0,2.0,9.0,18.4
11.0,2.0,10.0,18.6
11.0,2.0,11.0,19.6
11.0,2.0,12.0,19.9
11.0,2.0,13.0,20.2
11.0,2.0,14.0,19.5
11.0,2.0,15.0,18.5
11.0,2.0,16.0,18.1
11.0,2.0,17.0,16.7
11.0,2.0,18.0,16.6
11.0,2.0,19.0,16.6
11.0,2.0,20.0,16.5
11.0,2.0,21.0,16.1
11.0,2.0,22.0,14.8
11.0,2.0,23.0,14.7
11.0,3.0,0.0,15.0
11.0,3.0,1.0,14.6
11.0,3.0,2.0,14.5
11.0,3.0,3.0,14.2
11.0,3.0,4.0,13.2
11.0,3.0,5.0,12.7
11.0,3.0,6.0,12.2
11.0,3.0,7.0,13.0
11.0,3.0,8.0,13.9
11.0,3.0,9.0,16.1
11.0,3.0,10.0,17.0
11.0,3.0,11.0,17.6
11.0,3.0,12.0,18.0
11.0,3.0,13.0,18.0
11.0,3.0,14.0,17.6
11.0,3.0,15.0,17.6
11.0,3.0,16.0,17.2
11.0,3.0,17.0,16.9
11.0,3.0,18.0,16.9
11.0,3.0,19.0,17.1
11.0,3.0,20.0,16.8
11.0,3.0,21.0,16.3
11.0,3.0,22.0,16.4
11.0,3.0,23.0,16.6
11.0,4.0,0.0,15.9
11.0,4.0,1.0,16.3
11.0,4.0,2.0,16.3
11.0,4.0,3.0,16.5
11.0,4.0,4.0,15.2
11.0,4.0,5.0,14.2
11.0,4.0,6.0,14.4
11.0,4.0,7.0,13.9
11.0,4.0,8.0,14.0
11.0,4.0,9.0,14.1
11.0,4.0,10.0,14.9
11.0,4.0,11.0,15.4
11.0,4.0,12.0,15.6
11.0,4.0,13.0,16.2
11.0,4.0,14.0,16.2
11.0,4.0,15.0,16.7
11.0,4.0,16.0,16.6
11.0,4.0,17.0,16.6
11.0,4.0,18.0,16.8
11.0,4.0,19.0,17.4
11.0,4.0,20.0,17.1
11.0,4.0,21.0,16.8
11.0,4.0,22.0,16.3
11.0,4.0,23.0,16.4
11.0,5.0,0.0,17.3
11.0,5.0,1.0,16.5
11.0,5.0,2.0,15.7
11.0,5.0,3.0,15.7
11.0,5.0,4.0,14.9
11.0,5.0,5.0,14.8
11.0,5.0,6.0,14.9
11.0,5.0,7.0,15.1
11.0,5.0,8.0,16.0
11.0,5.0,9.0,17.2
11.0,5.0,10.0,17.5
11.0,5.0,11.0,17.8
11.0,5.0,12.0,18.5
11.0,5.0,13.0,18.5
11.0,5.0,14.0,18.4
11.0,5.0,15.0,18.0
11.0,5.0,16.0,17.5
11.0,5.0,17.0,17.8
11.0,5.0,18.0,17.1
11.0,5.0,19.0,16.6
11.0,5.0,20.0,16.6
11.0,5.0,21.0,16.6
11.0,5.0,22.0,16.6
11.0,5.0,23.0,16.4
11.0,6.0,0.0,16.4
11.0,6.0,1.0,16.2
11.0,6.0,2.0,16.3
11.0,6.0,3.0,15.4
11.0,6.0,4.0,15.4
11.0,6.0,5.0,16.1
11.0,6.0,6.0,16.1
11.0,6.0,7.0,16.4
11.0,6.0,8.0,17.3
11.0,6.0,9.0,18.6
11.0,6.0,10.0,20.8
11.0,6.0,11.0,21.7
11.0,6.0,12.0,22.4
11.0,6.0,13.0,23.3
11.0,6.0,14.0,23.4
11.0,6.0,15.0,22.2
11.0,6.0,16.0,20.9
11.0,6.0,17.0,19.6
11.0,6.0,18.0,18.8
11.0,6.0,19.0,18.1
11.0,6.0,20.0,18.6
11.0,6.0,21.0,18.1
11.0,6.0,22.0,18.4
11.0,6.0,23.0,19.5
11.0,0.0,0.0,18.9
11.0,0.0,1.0,17.9
11.0,0.0,2.0,17.5
11.0,0.0,3.0,17.5
11.0,0.0,4.0,17.2
11.0,0.0,5.0,16.8
11.0,0.0,6.0,15.8
11.0,0.0,7.0,15.0
11.0,0.0,8.0,13.6
11.0,0.0,9.0,13.2
11.0,0.0,10.0,12.7
11.0,0.0,11.0,12.7
11.0,0.0,12.0,12.9
11.0,0.0,13.0,13.2
11.0,0.0,14.0,13.7
11.0,0.0,15.0,13.6
11.0,0.0,16.0,12.5
11.0,0.0,17.0,12.1
11.0,0.0,18.0,13.2
11.0,0.0,19.0,12.9
11.0,0.0,20.0,11.9
11.0,0.0,21.0,11.6
11.0,0.0,22.0,11.0
11.0,0.0,23.0,10.5
11.0,1.0,0.0,10.1
11.0,1.0,1.0,9.7
11.0,1.0,2.0,9.2
11.0,1.0,3.0,9.0
11.0,1.0,4.0,8.8
11.0,1.0,5.0,8.5
11.0,1.0,6.0,8.0
11.0,1.0,7.0,8.3
11.0,1.0,8.0,8.3
11.0,1.0,9.0,9.3
11.0,1.0,10.0,11.1
11.0,1.0,11.0,12.1
11.0,1.0,12.0,11.7
11.0,1.0,13.0,12.1
11.0,1.0,14.0,11.9
11.0,1.0,15.0,11.3
11.0,1.0,16.0,10.7
11.0,1.0,17.0,10.0
11.0,1.0,18.0,9.7
11.0,1.0,19.0,9.3
11.0,1.0,20.0,9.6
11.0,1.0,21.0,9.4
11.0,1.0,22.0,8.8
11.0,1.0,23.0,8.4
11.0,2.0,0.0,7.4
11.0,2.0,1.0,7.3
11.0,2.0,2.0,7.5
11.0,2.0,3.0,7.3
11.0,2.0,4.0,7.5
11.0,2.0,5.0,7.0
11.0,2.0,6.0,7.0
11.0,2.0,7.0,7.0
11.0,2.0,8.0,5.5
11.0,2.0,9.0,6.3
11.0,2.0,10.0,6.3
11.0,2.0,11.0,7.5
11.0,2.0,12.0,8.0
11.0,2.0,13.0,8.1
11.0,2.0,14.0,8.7
11.0,2.0,15.0,8.4
11.0,2.0,16.0,8.1
11.0,2.0,17.0,8.0
11.0,2.0,18.0,7.7
11.0,2.0,19.0,7.6
11.0,2.0,20.0,7.7
11.0,2.0,21.0,7.9
11.0,2.0,22.0,8.2
11.0,2.0,23.0,8.3
11.0,3.0,0.0,8.5
11.0,3.0,1.0,8.7
11.0,3.0,2.0,8.8
11.0,3.0,3.0,8.8
11.0,3.0,4.0,8.8
11.0,3.0,5.0,9.1
11.0,3.0,6.0,9.4
11.0,3.0,7.0,9.8
11.0,3.0,8.0,10.1
11.0,3.0,9.0,10.4
11.0,3.0,10.0,10.5
11.0,3.0,11.0,10.9
11.0,3.0,12.0,12.0
11.0,3.0,13.0,12.1
11.0,3.0,14.0,12.5
11.0,3.0,15.0,13.0
11.0,3.0,16.0,12.9
11.0,3.0,17.0,11.5
11.0,3.0,18.0,11.3
11.0,3.0,19.0,10.8
11.0,3.0,20.0,10.7
11.0,3.0,21.0,10.3
11.0,3.0,22.0,10.2
11.0,3.0,23.0,9.9
11.0,4.0,0.0,9.8
11.0,4.0,1.0,9.3
11.0,4.0,2.0,8.8
11.0,4.0,3.0,8.4
11.0,4.0,4.0,8.3
11.0,4.0,5.0,7.8
11.0,4.0,6.0,7.9
11.0,4.0,7.0,7.4
11.0,4.0,8.0,8.9
11.0,4.0,9.0,11.1
11.0,4.0,10.0,13.5
11.0,4.0,11.0,15.4
11.0,4.0,12.0,16.4
11.0,4.0,13.0,17.8
11.0,4.0,14.0,17.4
11.0,4.0,15.0,15.9
11.0,4.0,16.0,14.2
11.0,4.0,17.0,12.4
11.0,4.0,18.0,12.1
11.0,4.0,19.0,11.9
11.0,4.0,20.0,11.8
11.0,4.0,21.0,13.0
11.0,4.0,22.0,11.1
11.0,4.0,23.0,12.3
11.0,5.0,0.0,12.2
11.0,5.0,1.0,12.2
11.0,5.0,2.0,11.7
11.0,5.0,3.0,11.3
11.0,5.0,4.0,11.3
11.0,5.0,5.0,10.6
11.0,5.0,6.0,10.0
11.0,5.0,7.0,9.7
11.0,5.0,8.0,11.3
11.0,5.0,9.0,12.9
11.0,5.0,10.0,13.7
11.0,5.0,11.0,14.4
11.0,5.0,12.0,15.2
11.0,5.0,13.0,15.2
11.0,5.0,14.0,14.8
11.0,5.0,15.0,14.4
11.0,5.0,16.0,14.0
11.0,5.0,17.0,12.7
11.0,5.0,18.0,12.0
11.0,5.0,19.0,10.9
11.0,5.0,20.0,10.3
11.0,5.0,21.0,10.6
11.0,5.0,22.0,10.3
11.0,5.0,23.0,9.6
11.0,6.0,0.0,8.4
11.0,6.0,1.0,8.2
11.0,6.0,2.0,8.6
11.0,6.0,3.0,8.4
11.0,6.0,4.0,8.4
11.0,6.0,5.0,8.4
11.0,6.0,6.0,8.3
11.0,6.0,7.0,8.3
11.0,6.0,8.0,8.6
11.0,6.0,9.0,10.6
11.0,6.0,10.0,12.5
11.0,6.0,11.0,13.0
11.0,6.0,12.0,14.2
11.0,6.0,13.0,14.0
11.0,6.0,14.0,13.9
11.0,6.0,15.0,13.0
11.0,6.0,16.0,11.9
11.0,6.0,17.0,12.0
11.0,6.0,18.0,12.2
11.0,6.0,19.0,12.2
11.0,6.0,20.0,10.9
11.0,6.0,21.0,10.3
11.0,6.0,22.0,9.3
11.0,6.0,23.0,9.5
11.0,0.0,0.0,9.3
11.0,0.0,1.0,9.0
11.0,0.0,2.0,7.6
11.0,0.0,3.0,8.1
11.0,0.0,4.0,7.6
11.0,0.0,5.0,6.9
11.0,0.0,6.0,7.1
11.0,0.0,7.0,6.0
11.0,0.0,8.0,8.3
11.0,0.0,9.0,10.8
11.0,0.0,10.0,11.6
11.0,0.0,11.0,12.8
11.0,0.0,12.0,13.4
11.0,0.0,13.0,13.9
11.0,0.0,14.0,13.8
11.0,0.0,15.0,12.8
11.0,0.0,16.0,11.6
11.0,0.0,17.0,10.0
11.0,0.0,18.0,11.6
11.0,0.0,19.0,10.2
11.0,0.0,20.0,9.4
11.0,0.0,21.0,10.6
11.0,0.0,22.0,8.3
11.0,0.0,23.0,8.3
11.0,1.0,0.0,8.7
11.0,1.0,1.0,7.4
11.0,1.0,2.0,6.4
11.0,1.0,3.0,6.5
11.0,1.0,4.0,6.2
11.0,1.0,5.0,6.4
11.0,1.0,6.0,6.0
11.0,1.0,7.0,6.1
11.0,1.0,8.0,7.0
11.0,1.0,9.0,9.6
11.0,1.0,10.0,11.7
11.0,1.0,11.0,12.9
11.0,1.0,12.0,13.1
11.0,1.0,13.0,14.0
11.0,1.0,14.0,13.2
11.0,1.0,15.0,13.0
11.0,1.0,16.0,12.4
11.0,1.0,17.0,12.6
11.0,1.0,18.0,12.2
11.0,1.0,19.0,12.3
11.0,1.0,20.0,12.0
11.0,1.0,21.0,10.5
11.0,1.0,22.0,9.3
11.0,1.0,23.0,9.7
11.0,2.0,0.0,9.3
11.0,2.0,1.0,9.8
11.0,2.0,2.0,10.1
11.0,2.0,3.0,10.5
11.0,2.0,4.0,10.9
11.0,2.0,5.0,11.0
11.0,2.0,6.0,11.1
11.0,2.0,7.0,11.3
11.0,2.0,8.0,12.5
11.0,2.0,9.0,13.7
11.0,2.0,10.0,15.7
11.0,2.0,11.0,17.3
11.0,2.0,12.0,18.3
11.0,2.0,13.0,19.0
11.0,2.0,14.0,19.6
11.0,2.0,15.0,19.7
11.0,2.0,16.0,17.7
11.0,2.0,17.0,16.8
11.0,2.0,18.0,15.9
11.0,2.0,19.0,15.2
11.0,2.0,20.0,15.9
11.0,2.0,21.0,15.5
11.0,2.0,22.0,13.5
11.0,2.0,23.0,14.4
11.0,3.0,0.0,13.0
11.0,3.0,1.0,14.2
11.0,3.0,2.0,13.9
11.0,3.0,3.0,11.9
11.0,3.0,4.0,11.4
11.0,3.0,5.0,12.4
11.0,3.0,6.0,11.7
11.0,3.0,7.0,9.7
11.0,3.0,8.0,12.4
11.0,3.0,9.0,14.9
11.0,3.0,10.0,16.2
11.0,3.0,11.0,17.0
11.0,3.0,12.0,17.6
11.0,3.0,13.0,17.6
11.0,3.0,14.0,16.6
11.0,3.0,15.0,15.4
11.0,3.0,16.0,14.3
11.0,3.0,17.0,13.5
11.0,3.0,18.0,12.6
11.0,3.0,19.0,11.6
11.0,3.0,20.0,11.0
11.0,3.0,21.0,10.9
11.0,3.0,22.0,10.4
11.0,3.0,23.0,10.2
11.0,4.0,0.0,10.0
11.0,4.0,1.0,10.0
11.0,4.0,2.0,9.5
11.0,4.0,3.0,10.5
11.0,4.0,4.0,9.7
11.0,4.0,5.0,9.3
11.0,4.0,6.0,8.9
11.0,4.0,7.0,8.4
11.0,4.0,8.0,10.7
11.0,4.0,9.0,12.4
11.0,4.0,10.0,14.5
11.0,4.0,11.0,14.5
11.0,4.0,12.0,15.5
11.0,4.0,13.0,16.1
11.0,4.0,14.0,15.4
11.0,4.0,15.0,15.0
11.0,4.0,16.0,13.1
11.0,4.0,17.0,13.0
11.0,4.0,18.0,12.4
11.0,4.0,19.0,11.3
11.0,4.0,20.0,9.8
11.0,4.0,21.0,9.1
11.0,4.0,22.0,8.3
11.0,4.0,23.0,8.3
11.0,5.0,0.0,8.4
11.0,5.0,1.0,7.0
11.0,5.0,2.0,5.9
11.0,5.0,3.0,7.1
11.0,5.0,4.0,6.6
11.0,5.0,5.0,6.9
11.0,5.0,6.0,6.4
11.0,5.0,7.0,6.2
11.0,5.0,8.0,7.6
11.0,5.0,9.0,10.5
11.0,5.0,10.0,13.2
11.0,5.0,11.0,15.1
11.0,5.0,12.0,15.4
11.0,5.0,13.0,16.0
11.0,5.0,14.0,14.4
11.0,5.0,15.0,14.7
11.0,5.0,16.0,13.2
11.0,5.0,17.0,11.0
11.0,5.0,18.0,11.0
11.0,5.0,19.0,10.7
11.0,5.0,20.0,11.5
11.0,5.0,21.0,10.0
11.0,5.0,22.0,9.9
11.0,5.0,23.0,10.4
12.0,6.0,0.0,8.6
12.0,6.0,1.0,8.5
12.0,6.0,2.0,8.4
12.0,6.0,3.0,8.0
12.0,6.0,4.0,7.8
12.0,6.0,5.0,7.0
12.0,6.0,6.0,7.9
12.0,6.0,7.0,7.3
12.0,6.0,8.0,8.9
12.0,6.0,9.0,11.1
12.0,6.0,10.0,13.1
12.0,6.0,11.0,15.0
12.0,6.0,12.0,15.8
12.0,6.0,13.0,16.5
12.0,6.0,14.0,15.9
12.0,6.0,15.0,15.6
12.0,6.0,16.0,13.7
12.0,6.0,17.0,12.5
12.0,6.0,18.0,12.3
12.0,6.0,19.0,11.1
12.0,6.0,20.0,10.2
12.0,6.0,21.0,10.6
12.0,6.0,22.0,10.7
12.0,6.0,23.0,10.8
12.0,0.0,0.0,10.3
12.0,0.0,1.0,9.2
12.0,0.0,2.0,8.8
12.0,0.0,3.0,8.7
12.0,0.0,4.0,8.9
12.0,0.0,5.0,8.8
12.0,0.0,6.0,8.2
12.0,0.0,7.0,8.6
12.0,0.0,8.0,9.1
12.0,0.0,9.0,10.0
12.0,0.0,10.0,11.5
12.0,0.0,11.0,12.8
12.0,0.0,12.0,15.1
12.0,0.0,13.0,16.1
12.0,0.0,14.0,16.2
12.0,0.0,15.0,15.3
12.0,0.0,16.0,14.1
12.0,0.0,17.0,11.9
12.0,0.0,18.0,11.8
12.0,0.0,19.0,12.4
12.0,0.0,20.0,13.4
12.0,0.0,21.0,11.1
12.0,0.0,22.0,11.3
12.0,0.0,23.0,10.7
12.0,1.0,0.0,10.1
12.0,1.0,1.0,10.1
12.0,1.0,2.0,9.4
12.0,1.0,3.0,8.6
12.0,1.0,4.0,7.8
12.0,1.0,5.0,9.2
12.0,1.0,6.0,7.6
12.0,1.0,7.0,7.8
12.0,1.0,8.0,9.8
12.0,1.0,9.0,11.3
12.0,1.0,10.0,13.1
12.0,1.0,11.0,14.6
12.0,1.0,12.0,16.8
12.0,1.0,13.0,16.8
12.0,1.0,14.0,16.5
12.0,1.0,15.0,16.0
12.0,1.0,16.0,14.9
12.0,1.0,17.0,13.5
12.0,1.0,18.0,13.4
12.0,1.0,19.0,12.6
12.0,1.0,20.0,12.3
12.0,1.0,21.0,12.5
12.0,1.0,22.0,10.5
12.0,1.0,23.0,9.5
12.0,2.0,0.0,10.2
12.0,2.0,1.0,10.3
12.0,2.0,2.0,9.9
12.0,2.0,3.0,10.3
12.0,2.0,4.0,9.6
12.0,2.0,5.0,9.1
12.0,2.0,6.0,9.8
12.0,2.0,7.0,8.4
12.0,2.0,8.0,11.0
12.0,2.0,9.0,12.7
12.0,2.0,10.0,14.2
12.0,2.0,11.0,16.1
12.0,2.0,12.0,16.9
12.0,2.0,13.0,17.3
12.0,2.0,14.0,17.4
12.0,2.0,15.0,16.4
12.0,2.0,16.0,15.9
12.0,2.0,17.0,13.9
12.0,2.0,18.0,13.8
12.0,2.0,19.0,12.7
12.0,2.0,20.0,13.0
12.0,2.0,21.0,12.3
12.0,2.0,22.0,11.7
12.0,2.0,23.0,11.8
12.0,3.0,0.0,11.4
12.0,3.0,1.0,11.7
12.0,3.0,2.0,11.0
12.0,3.0,3.0,10.5
12.0,3.0,4.0,10.1
12.0,3.0,5.0,9.3
12.0,3.0,6.0,9.6
12.0,3.0,7.0,9.9
12.0,3.0,8.0,9.7
12.0,3.0,9.0,11.4
12.0,3.0,10.0,13.1
12.0,3.0,11.0,13.9
12.0,3.0,12.0,14.6
12.0,3.0,13.0,14.1
12.0,3.0,14.0,14.2
12.0,3.0,15.0,14.4
12.0,3.0,16.0,12.5
12.0,3.0,17.0,10.8
12.0,3.0,18.0,11.0
12.0,3.0,19.0,11.9
12.0,3.0,20.0,10.4
12.0,3.0,21.0,11.2
12.0,3.0,22.0,10.2
12.0,3.0,23.0,10.6
12.0,4.0,0.0,9.6
12.0,4.0,1.0,8.3
12.0,4.0,2.0,7.6
12.0,4.0,3.0,7.9
12.0,4.0,4.0,7.2
12.0,4.0,5.0,6.0
12.0,4.0,6.0,5.5
12.0,4.0,7.0,5.8
12.0,4.0,8.0,8.5
12.0,4.0,9.0,11.5
12.0,4.0,10.0,13.5
12.0,4.0,11.0,15.1
12.0,4.0,12.0,15.9
12.0,4.0,13.0,16.2
12.0,4.0,14.0,15.9
12.0,4.0,15.0,15.3
12.0,4.0,16.0,14.5
12.0,4.0,17.0,13.7
12.0,4.0,18.0,12.6
12.0,4.0,19.0,12.5
12.0,4.0,20.0,11.5
12.0,4.0,21.0,11.2
12.0,4.0,22.0,10.0
12.0,4.0,23.0,8.0
12.0,5.0,0.0,9.1
12.0,5.0,1.0,8.1
12.0,5.0,2.0,7.8
12.0,5.0,3.0,7.9
12.0,5.0,4.0,7.9
12.0,5.0,5.0,7.1
12.0,5.0,6.0,6.8
12.0,5.0,7.0,7.1
12.0,5.0,8.0,7.4
12.0,5.0,9.0,8.6
12.0,5.0,10.0,10.4
12.0,5.0,11.0,10.8
12.0,5.0,12.0,11.2
12.0,5.0,13.0,11.8
12.0,5.0,14.0,11.7
12.0,5.0,15.0,11.4
12.0,5.0,16.0,9.8
12.0,5.0,17.0,11.1
12.0,5.0,18.0,10.2
12.0,5.0,19.0,9.8
12.0,5.0,20.0,8.8
12.0,5.0,21.0,9.1
12.0,5.0,22.0,7.1
12.0,5.0,23.0,6.5
12.0,6.0,0.0,5.9
12.0,6.0,1.0,5.8
12.0,6.0,2.0,5.3
12.0,6.0,3.0,5.9
12.0,6.0,4.0,4.2
12.0,6.0,5.0,4.6
12.0,6.0,6.0,5.2
12.0,6.0,7.0,5.3
12.0,6.0,8.0,6.1
12.0,6.0,9.0,8.0
12.0,6.0,10.0,10.0
12.0,6.0,11.0,12.0
12.0,6.0,12.0,11.2
12.0,6.0,13.0,13.5
12.0,6.0,14.0,12.3
12.0,6.0,15.0,11.5
12.0,6.0,16.0,10.2
12.0,6.0,17.0,9.3
12.0,6.0,18.0,8.1
12.0,6.0,19.0,7.8
12.0,6.0,20.0,6.7
12.0,6.0,21.0,6.1
12.0,6.0,22.0,5.9
12.0,6.0,23.0,5.4
12.0,0.0,0.0,4.4
12.0,0.0,1.0,4.7
12.0,0.0,2.0,3.7
12.0,0.0,3.0,4.6
12.0,0.0,4.0,3.8
12.0,0.0,5.0,3.7
12.0,0.0,6.0,3.7
12.0,0.0,7.0,3.2
12.0,0.0,8.0,5.6
12.0,0.0,9.0,7.7
12.0,0.0,10.0,10.1
12.0,0.0,11.0,11.2
12.0,0.0,12.0,12.6
12.0,0.0,13.0,12.6
12.0,0.0,14.0,12.2
12.0,0.0,15.0,11.4
12.0,0.0,16.0,10.4
12.0,0.0,17.0,9.4
12.0,0.0,18.0,9.3
12.0,0.0,19.0,8.5
12.0,0.0,20.0,8.5
12.0,0.0,21.0,8.0
12.0,0.0,22.0,6.8
12.0,0.0,23.0,6.8
12.0,1.0,0.0,7.1
12.0,1.0,1.0,6.4
12.0,1.0,2.0,6.0
12.0,1.0,3.0,6.5
12.0,1.0,4.0,6.2
12.0,1.0,5.0,6.2
12.0,1.0,6.0,4.8
12.0,1.0,7.0,5.0
12.0,1.0,8.0,6.1
12.0,1.0,9.0,8.4
12.0,1.0,10.0,9.5
12.0,1.0,11.0,11.8
12.0,1.0,12.0,12.2
12.0,1.0,13.0,13.4
12.0,1.0,14.0,13.4
12.0,1.0,15.0,12.6
12.0,1.0,16.0,11.0
12.0,1.0,17.0,9.7
12.0,1.0,18.0,8.5
12.0,1.0,19.0,8.2
12.0,1.0,20.0,7.8
12.0,1.0,21.0,8.1
12.0,1.0,22.0,7.6
12.0,1.0,23.0,7.0
12.0,2.0,0.0,6.8
12.0,2.0,1.0,6.2
12.0,2.0,2.0,5.6
12.0,2.0,3.0,6.7
12.0,2.0,4.0,6.8
12.0,2.0,5.0,6.1
12.0,2.0,6.0,6.2
12.0,2.0,7.0,6.5
12.0,2.0,8.0,6.9
12.0,2.0,9.0,8.0
12.0,2.0,10.0,9.6
12.0,2.0,11.0,10.8
12.0,2.0,12.0,12.2
12.0,2.0,13.0,12.9
12.0,2.0,14.0,12.9
12.0,2.0,15.0,12.5
12.0,2.0,16.0,11.6
12.0,2.0,17.0,10.7
12.0,2.0,18.0,10.3
12.0,2.0,19.0,9.3
12.0,2.0,20.0,9.0
12.0,2.0,21.0,8.0
12.0,2.0,22.0,7.2
12.0,2.0,23.0,6.9
12.0,3.0,0.0,6.4
12.0,3.0,1.0,6.2
12.0,3.0,2.0,6.0
12.0,3.0,3.0,5.8
12.0,3.0,4.0,5.5
12.0,3.0,5.0,5.1
12.0,3.0,6.0,5.0
12.0,3.0,7.0,4.8
12.0,3.0,8.0,5.6
12.0,3.0,9.0,7.0
12.0,3.0,10.0,9.2
12.0,3.0,11.0,10.0
12.0,3.0,12.0,10.3
12.0,3.0,13.0,10.2
12.0,3.0,14.0,10.2
12.0,3.0,15.0,9.9
12.0,3.0,16.0,9.3
12.0,3.0,17.0,8.5
12.0,3.0,18.0,7.3
12.0,3.0,19.0,6.5
12.0,3.0,20.0,6.1
12.0,3.0,21.0,6.0
12.0,3.0,22.0,5.6
12.0,3.0,23.0,4.9
12.0,4.0,0.0,5.1
12.0,4.0,1.0,4.4
12.0,4.0,2.0,4.0
12.0,4.0,3.0,3.1
12.0,4.0,4.0,3.5
12.0,4.0,5.0,2.2
12.0,4.0,6.0,1.7
12.0,4.0,7.0,2.9
12.0,4.0,8.0,4.4
12.0,4.0,9.0,5.7
12.0,4.0,10.0,6.7
12.0,4.0,11.0,6.9
12.0,4.0,12.0,7.8
12.0,4.0,13.0,7.6
12.0,4.0,14.0,7.1
12.0,4.0,15.0,6.9
12.0,4.0,16.0,6.4
12.0,4.0,17.0,5.0
12.0,4.0,18.0,6.2
12.0,4.0,19.0,5.2
12.0,4.0,20.0,6.0
12.0,4.0,21.0,5.6
12.0,4.0,22.0,5.4
12.0,4.0,23.0,6.3
12.0,5.0,0.0,5.2
12.0,5.0,1.0,5.2
12.0,5.0,2.0,5.5
12.0,5.0,3.0,4.4
12.0,5.0,4.0,3.9
12.0,5.0,5.0,4.0
12.0,5.0,6.0,5.4
12.0,5.0,7.0,6.1
12.0,5.0,8.0,6.2
12.0,5.0,9.0,8.2
12.0,5.0,10.0,9.6
12.0,5.0,11.0,10.7
12.0,5.0,12.0,11.6
12.0,5.0,13.0,11.7
12.0,5.0,14.0,11.4
12.0,5.0,15.0,10.4
12.0,5.0,16.0,9.6
12.0,5.0,17.0,8.5
12.0,5.0,18.0,7.4
12.0,5.0,19.0,6.8
12.0,5.0,20.0,6.3
12.0,5.0,21.0,5.6
12.0,5.0,22.0,5.4
12.0,5.0,23.0,4.7
12.0,6.0,0.0,3.5
12.0,6.0,1.0,2.5
12.0,6.0,2.0,3.6
12.0,6.0,3.0,2.4
12.0,6.0,4.0,2.4
12.0,6.0,5.0,1.2
12.0,6.0,6.0,1.5
12.0,6.0,7.0,1.0
12.0,6.0,8.0,4.0
12.0,6.0,9.0,6.2
12.0,6.0,10.0,8.1
12.0,6.0,11.0,9.6
12.0,6.0,12.0,11.0
12.0,6.0,13.0,11.6
12.0,6.0,14.0,11.5
12.0,6.0,15.0,11.4
12.0,6.0,16.0,9.9
12.0,6.0,17.0,7.9
12.0,6.0,18.0,7.1
12.0,6.0,19.0,8.4
12.0,6.0,20.0,7.1
12.0,6.0,21.0,8.5
12.0,6.0,22.0,8.3
12.0,6.0,23.0,7.7
12.0,0.0,0.0,6.3
12.0,0.0,1.0,5.9
12.0,0.0,2.0,5.0
12.0,0.0,3.0,4.2
12.0,0.0,4.0,4.4
12.0,0.0,5.0,4.1
12.0,0.0,6.0,4.5
12.0,0.0,7.0,4.9
12.0,0.0,8.0,6.5
12.0,0.0,9.0,8.6
12.0,0.0,10.0,10.4
12.0,0.0,11.0,10.7
12.0,0.0,12.0,11.6
12.0,0.0,13.0,11.9
12.0,0.0,14.0,12.0
12.0,0.0,15.0,11.5
12.0,0.0,16.0,10.1
12.0,0.0,17.0,8.7
12.0,0.0,18.0,8.0
12.0,0.0,19.0,7.7
12.0,0.0,20.0,7.7
12.0,0.0,21.0,7.2
12.0,0.0,22.0,7.3
12.0,0.0,23.0,6.2
12.0,1.0,0.0,5.2
12.0,1.0,1.0,5.2
12.0,1.0,2.0,4.8
12.0,1.0,3.0,4.5
12.0,1.0,4.0,3.9
12.0,1.0,5.0,3.3
12.0,1.0,6.0,3.2
12.0,1.0,7.0,3.0
12.0,1.0,8.0,5.4
12.0,1.0,9.0,8.4
12.0,1.0,10.0,10.8
12.0,1.0,11.0,11.7
12.0,1.0,12.0,13.0
12.0,1.0,13.0,13.2
12.0,1.0,14.0,12.9
12.0,1.0,15.0,12.5
12.0,1.0,16.0,10.8
12.0,1.0,17.0,9.0
12.0,1.0,18.0,9.1
12.0,1.0,19.0,9.2
12.0,1.0,20.0,8.8
12.0,1.0,21.0,8.2
12.0,1.0,22.0,8.3
12.0,1.0,23.0,7.1
12.0,2.0,0.0,6.4
12.0,2.0,1.0,6.0
12.0,2.0,2.0,5.4
12.0,2.0,3.0,4.6
12.0,2.0,4.0,5.0
12.0,2.0,5.0,3.9
12.0,2.0,6.0,3.0
12.0,2.0,7.0,3.4
12.0,2.0,8.0,6.3
12.0,2.0,9.0,8.6
12.0,2.0,10.0,10.7
12.0,2.0,11.0,11.4
12.0,2.0,12.0,12.7
12.0,2.0,13.0,12.2
12.0,2.0,14.0,11.8
12.0,2.0,15.0,11.2
12.0,2.0,16.0,10.2
12.0,2.0,17.0,10.3
12.0,2.0,18.0,9.6
12.0,2.0,19.0,8.3
12.0,2.0,20.0,7.0
12.0,2.0,21.0,6.4
12.0,2.0,22.0,5.5
12.0,2.0,23.0,4.8
12.0,3.0,0.0,4.8
12.0,3.0,1.0,5.1
12.0,3.0,2.0,5.3
12.0,3.0,3.0,4.4
12.0,3.0,4.0,4.5
12.0,3.0,5.0,3.7
12.0,3.0,6.0,3.8
12.0,3.0,7.0,3.3
12.0,3.0,8.0,3.0
12.0,3.0,9.0,3.4
12.0,3.0,10.0,3.5
12.0,3.0,11.0,4.0
12.0,3.0,12.0,6.3
12.0,3.0,13.0,7.5
12.0,3.0,14.0,7.8
12.0,3.0,15.0,7.8
12.0,3.0,16.0,7.7
12.0,3.0,17.0,6.7
12.0,3.0,18.0,6.8
12.0,3.0,19.0,6.5
12.0,3.0,20.0,5.9
12.0,3.0,21.0,5.7
12.0,3.0,22.0,5.5
12.0,3.0,23.0,4.0
12.0,4.0,0.0,3.4
12.0,4.0,1.0,3.2
12.0,4.0,2.0,1.4
12.0,4.0,3.0,1.4
12.0,4.0,4.0,2.5
12.0,4.0,5.0,2.2
12.0,4.0,6.0,1.2
12.0,4.0,7.0,2.1
12.0,4.0,8.0,4.4
12.0,4.0,9.0,6.3
12.0,4.0,10.0,8.1
12.0,4.0,11.0,9.9
12.0,4.0,12.0,11.1
12.0,4.0,13.0,11.0
12.0,4.0,14.0,10.3
12.0,4.0,15.0,9.9
12.0,4.0,16.0,9.0
12.0,4.0,17.0,8.8
12.0,4.0,18.0,9.0
12.0,4.0,19.0,7.9
12.0,4.0,20.0,7.3
12.0,4.0,21.0,8.3
12.0,4.0,22.0,8.8
12.0,4.0,23.0,6.8
12.0,5.0,0.0,6.1
12.0,5.0,1.0,5.4
12.0,5.0,2.0,4.1
12.0,5.0,3.0,4.5
12.0,5.0,4.0,5.2
12.0,5.0,5.0,3.8
12.0,5.0,6.0,4.2
12.0,5.0,7.0,3.2
12.0,5.0,8.0,4.3
12.0,5.0,9.0,7.6
12.0,5.0,10.0,10.7
12.0,5.0,11.0,12.8
12.0,5.0,12.0,15.3
12.0,5.0,13.0,15.8
12.0,5.0,14.0,16.1
12.0,5.0,15.0,14.4
12.0,5.0,16.0,13.5
12.0,5.0,17.0,12.1
12.0,5.0,18.0,11.7
12.0,5.0,19.0,11.7
12.0,5.0,20.0,11.9
12.0,5.0,21.0,11.4
12.0,5.0,22.0,10.7
12.0,5.0,23.0,8.5
12.0,6.0,0.0,7.8
12.0,6.0,1.0,7.3
12.0,6.0,2.0,8.3
12.0,6.0,3.0,8.1
12.0,6.0,4.0,8.2
12.0,6.0,5.0,7.6
12.0,6.0,6.0,7.3
12.0,6.0,7.0,6.8
12.0,6.0,8.0,7.0
12.0,6.0,9.0,8.5
12.0,6.0,10.0,10.0
12.0,6.0,11.0,10.3
12.0,6.0,12.0,10.4
12.0,6.0,13.0,9.5
12.0,6.0,14.0,8.8
12.0,6.0,15.0,7.8
12.0,6.0,16.0,6.9
12.0,6.0,17.0,6.1
12.0,6.0,18.0,5.0
12.0,6.0,19.0,4.4
12.0,6.0,20.0,3.9
12.0,6.0,21.0,3.3
12.0,6.0,22.0,3.3
12.0,6.0,23.0,3.6
12.0,0.0,0.0,3.2
12.0,0.0,1.0,3.6
12.0,0.0,2.0,3.5
12.0,0.0,3.0,3.4
12.0,0.0,4.0,2.6
12.0,0.0,5.0,2.8
12.0,0.0,6.0,3.1
12.0,0.0,7.0,3.1
12.0,0.0,8.0,3.8
12.0,0.0,9.0,6.2
12.0,0.0,10.0,8.1
12.0,0.0,11.0,9.0
12.0,0.0,12.0,9.6
12.0,0.0,13.0,10.5
12.0,0.0,14.0,10.6
12.0,0.0,15.0,9.9
12.0,0.0,16.0,8.9
12.0,0.0,17.0,7.2
12.0,0.0,18.0,6.4
12.0,0.0,19.0,6.4
12.0,0.0,20.0,6.8
12.0,0.0,21.0,6.7
12.0,0.0,22.0,5.5
12.0,0.0,23.0,5.5
12.0,1.0,0.0,3.8
12.0,1.0,1.0,2.9
12.0,1.0,2.0,2.6
12.0,1.0,3.0,2.5
12.0,1.0,4.0,2.4
12.0,1.0,5.0,2.6
12.0,1.0,6.0,2.8
12.0,1.0,7.0,2.2
12.0,1.0,8.0,3.7
12.0,1.0,9.0,5.8
12.0,1.0,10.0,8.8
12.0,1.0,11.0,10.0
12.0,1.0,12.0,11.4
12.0,1.0,13.0,11.3
12.0,1.0,14.0,11.4
12.0,1.0,15.0,11.2
12.0,1.0,16.0,9.9
12.0,1.0,17.0,9.3
12.0,1.0,18.0,8.3
12.0,1.0,19.0,7.9
12.0,1.0,20.0,7.6
12.0,1.0,21.0,6.8
12.0,1.0,22.0,6.2
12.0,1.0,23.0,7.3
12.0,2.0,0.0,7.0
12.0,2.0,1.0,6.9
12.0,2.0,2.0,7.0
12.0,2.0,3.0,6.4
12.0,2.0,4.0,5.4
12.0,2.0,5.0,6.5
12.0,2.0,6.0,5.7
12.0,2.0,7.0,5.1
12.0,2.0,8.0,5.5
12.0,2.0,9.0,6.5
12.0,2.0,10.0,8.5
12.0,2.0,11.0,9.6
12.0,2.0,12.0,10.4
12.0,2.0,13.0,10.8
12.0,2.0,14.0,10.5
12.0,2.0,15.0,10.0
12.0,2.0,16.0,9.3
12.0,2.0,17.0,9.1
12.0,2.0,18.0,9.2
12.0,2.0,19.0,9.0
12.0,2.0,20.0,7.3
12.0,2.0,21.0,7.4
12.0,2.0,22.0,6.9
12.0,2.0,23.0,6.6
12.0,3.0,0.0,5.3
12.0,3.0,1.0,5.6
12.0,3.0,2.0,4.7
12.0,3.0,3.0,5.5
12.0,3.0,4.0,4.3
12.0,3.0,5.0,3.8
12.0,3.0,6.0,4.5
12.0,3.0,7.0,4.2
12.0,3.0,8.0,5.8
12.0,3.0,9.0,6.9
12.0,3.0,10.0,9.1
12.0,3.0,11.0,11.0
12.0,3.0,12.0,12.7
12.0,3.0,13.0,14.1
12.0,3.0,14.0,14.5
12.0,3.0,15.0,14.0
12.0,3.0,16.0,12.2
12.0,3.0,17.0,11.0
12.0,3.0,18.0,10.7
12.0,3.0,19.0,12.1
12.0,3.0,20.0,10.3
12.0,3.0,21.0,10.0
12.0,3.0,22.0,9.2
12.0,3.0,23.0,8.7
12.0,4.0,0.0,8.4
12.0,4.0,1.0,8.4
12.0,4.0,2.0,7.6
12.0,4.0,3.0,6.5
12.0,4.0,4.0,6.2
12.0,4.0,5.0,5.1
12.0,4.0,6.0,5.2
12.0,4.0,7.0,4.9
12.0,4.0,8.0,5.9
12.0,4.0,9.0,7.4
12.0,4.0,10.0,8.8
12.0,4.0,11.0,9.9
12.0,4.0,12.0,11.9
12.0,4.0,13.0,11.6
12.0,4.0,14.0,10.4
12.0,4.0,15.0,10.5
12.0,4.0,16.0,9.4
12.0,4.0,17.0,8.1
12.0,4.0,18.0,7.4
12.0,4.0,19.0,6.5
12.0,4.0,20.0,5.8
12.0,4.0,21.0,5.9
12.0,4.0,22.0,5.4
12.0,4.0,23.0,4.4
12.0,5.0,0.0,3.9
12.0,5.0,1.0,3.3
12.0,5.0,2.0,2.7
12.0,5.0,3.0,2.8
12.0,5.0,4.0,2.5
12.0,5.0,5.0,1.9
12.0,5.0,6.0,2.7
12.0,5.0,7.0,2.1
12.0,5.0,8.0,4.2
12.0,5.0,9.0,5.3
12.0,5.0,10.0,6.9
12.0,5.0,11.0,8.2
12.0,5.0,12.0,9.9
12.0,5.0,13.0,9.9
12.0,5.0,14.0,10.5
12.0,5.0,15.0,9.3
12.0,5.0,16.0,8.7
12.0,5.0,17.0,6.4
12.0,5.0,18.0,5.3
12.0,5.0,19.0,6.1
12.0,5.0,20.0,4.8
12.0,5.0,21.0,4.8
12.0,5.0,22.0,3.4
12.0,5.0,23.0,3.6
12.0,6.0,0.0,4.1
12.0,6.0,1.0,3.5
12.0,6.0,2.0,2.0
12.0,6.0,3.0,1.7
12.0,6.0,4.0,2.9
12.0,6.0,5.0,1.3
12.0,6.0,6.0,0.9
12.0,6.0,7.0,0.9
12.0,6.0,8.0,3.3
12.0,6.0,9.0,5.3
12.0,6.0,10.0,7.3
12.0,6.0,11.0,9.3
12.0,6.0,12.0,10.9
12.0,6.0,13.0,11.0
12.0,6.0,14.0,11.3
12.0,6.0,15.0,11.2
12.0,6.0,16.0,10.6
12.0,6.0,17.0,8.6
12.0,6.0,18.0,7.8
12.0,6.0,19.0,6.9
12.0,6.0,20.0,6.8
12.0,6.0,21.0,6.1
12.0,6.0,22.0,5.7
12.0,6.0,23.0,4.1
12.0,0.0,0.0,4.7
12.0,0.0,1.0,4.3
12.0,0.0,2.0,4.4
12.0,0.0,3.0,4.4
12.0,0.0,4.0,4.8
12.0,0.0,5.0,4.0
12.0,0.0,6.0,3.9
12.0,0.0,7.0,4.8
12.0,0.0,8.0,5.1
12.0,0.0,9.0,6.8
12.0,0.0,10.0,8.3
12.0,0.0,11.0,8.6
12.0,0.0,12.0,8.8
12.0,0.0,13.0,9.6
12.0,0.0,14.0,9.0
12.0,0.0,15.0,8.0
12.0,0.0,16.0,8.0
12.0,0.0,17.0,6.4
12.0,0.0,18.0,6.2
12.0,0.0,19.0,6.4
12.0,0.0,20.0,5.3
12.0,0.0,21.0,6.0
12.0,0.0,22.0,5.6
12.0,0.0,23.0,5.3
12.0,1.0,0.0,5.1
12.0,1.0,1.0,4.5
12.0,1.0,2.0,4.9
12.0,1.0,3.0,4.1
12.0,1.0,4.0,3.4
12.0,1.0,5.0,3.0
12.0,1.0,6.0,3.8
12.0,1.0,7.0,3.1
12.0,1.0,8.0,4.7
12.0,1.0,9.0,6.6
12.0,1.0,10.0,9.6
12.0,1.0,11.0,11.3
12.0,1.0,12.0,13.3
12.0,1.0,13.0,13.1
12.0,1.0,14.0,13.8
12.0,1.0,15.0,13.5
12.0,1.0,16.0,12.5
12.0,1.0,17.0,12.5
12.0,1.0,18.0,10.8
12.0,1.0,19.0,9.3
12.0,1.0,20.0,8.4
12.0,1.0,21.0,7.7
12.0,1.0,22.0,6.5
12.0,1.0,23.0,6.3
